"customerid","signupdate","monthlyrevenue","ischurned","churndate","totaltickets","avgsentimentscore","sentimentbucket"
"877","2023-06-20","70653.74","0","2024-06-23","1","2.00","Negative"
"537","2025-03-09","28935.50","1","2024-01-26","1","2.00","Negative"
"551","2024-12-28","8215.45","0","2023-04-05","1","3.00","Neutral"
"909","2024-01-18","20570.11","1","2025-05-07","1","3.00","Neutral"
"247","2025-06-16","87330.30","1","2025-01-21","1","5.00","Positive"
"121","2025-11-19","65870.63","1","2024-05-05","1","1.00","Negative"
"604","2024-08-01","95710.01","0","2023-04-02","1","2.00","Negative"
"947","2023-01-16","88479.54","0","2025-06-29","1","4.00","Positive"
"94","2024-04-19","70678.07","0","2026-03-29","1","3.00","Neutral"
"643","2024-07-05","53817.17","0","2025-02-16","1","4.00","Positive"
"783","2025-08-17","69220.75","0","2024-12-27","1","5.00","Positive"
"2","2023-09-10","20443.09","0","2023-11-11","1","5.00","Positive"
"880","2023-02-08","93958.31","1","2025-01-09","1","3.00","Neutral"
"641","2023-08-27","98657.50","0","2023-01-17","1","5.00","Positive"
"531","2025-05-10","98350.71","0","2025-09-17","1","4.00","Positive"
"37","2023-02-15","10441.65","1","2023-07-15","1","2.00","Negative"
"564","2023-01-24","21919.90","1","2024-03-04","1","5.00","Positive"
"623","2023-01-01","1800.10","1","2025-05-04","1","2.00","Negative"
"567","2025-08-07","39564.24","1","2024-05-11","1","4.00","Positive"
"596","2025-09-16","12689.42","1","2024-03-28","1","3.00","Neutral"
"893","2023-05-19","86476.22","0","2023-05-16","1","5.00","Positive"
"315","2024-09-04","67498.07","1","2024-02-20","1","5.00","Positive"
"519","2023-02-07","88598.15","1","2025-06-28","1","1.00","Negative"
"285","2025-11-06","66763.09","1","2025-08-02","1","1.00","Negative"
"819","2026-01-26","57917.69","0","2023-01-10","1","4.00","Positive"
"491","2023-08-15","27139.42","0","2025-02-17","1","4.00","Positive"
"203","2023-11-12","96291.02","1","2025-04-11","1","1.00","Negative"
"190","2024-09-17","45536.01","1","2024-04-04","1","4.00","Positive"
"628","2026-02-01","31376.79","1","2025-08-01","1","3.00","Neutral"
"600","2025-05-13","35853.04","1","2024-11-15","1","2.00","Negative"
"264","2024-11-26","16273.86","0","2024-07-06","1","4.00","Positive"
"962","2023-02-07","92235.30","1","2023-05-20","1","2.00","Negative"
"722","2026-02-25","67313.65","0","2025-05-17","1","4.00","Positive"
"718","2023-07-09","48972.33","0","2024-03-19","1","1.00","Negative"
"10","2024-03-10","70222.55","1","2024-07-01","1","5.00","Positive"
"293","2026-01-14","90906.92","0","2025-05-20","1","2.00","Negative"
"927","2025-06-07","22109.10","0","2024-02-01","1","2.00","Negative"
"295","2024-11-07","29699.92","1","2024-05-17","1","5.00","Positive"
"278","2023-12-03","85878.42","0","2026-01-07","1","5.00","Positive"
"518","2023-07-23","96619.81","1","2023-05-31","1","3.00","Neutral"
"838","2023-05-15","57520.74","0","2024-07-19","1","5.00","Positive"
"495","2024-04-05","36548.75","1","2024-11-28","1","5.00","Positive"
"808","2024-05-15","92818.87","0","2025-03-04","1","4.00","Positive"
"693","2023-01-31","53034.37","1","2025-05-29","1","2.00","Negative"
"805","2023-12-18","45311.61","0","2024-11-27","1","2.00","Negative"
"435","2023-06-12","4447.31","0","2025-11-15","1","1.00","Negative"
"29","2023-11-17","25804.75","1","2025-11-24","1","2.00","Negative"
"949","2025-03-04","29070.63","0","2023-10-25","1","4.00","Positive"
"350","2024-01-24","59637.98","1","2024-07-13","1","4.00","Positive"
"562","2024-07-21","73716.38","0","2024-06-07","1","4.00","Positive"
"887","2025-11-29","97096.06","0","2025-03-18","1","5.00","Positive"
"124","2026-01-31","95864.72","0","2026-02-28","1","3.00","Neutral"
"736","2023-06-27","5855.94","1","2024-08-10","1","2.00","Negative"
"500","2023-11-15","74609.44","0","2023-09-03","1","2.00","Negative"
"165","2023-10-23","97369.14","0","2023-10-23","1","2.00","Negative"
"544","2024-02-27","18622.87","0","2025-06-13","1","4.00","Positive"
"794","2024-12-31","40309.31","0","2024-06-02","1","3.00","Neutral"
"866","2024-03-11","25401.39","1","2024-06-27","1","1.00","Negative"
"615","2026-02-14","43530.38","0","2025-03-06","1","3.00","Neutral"
"768","2025-08-18","22428.47","1","2024-08-20","1","1.00","Negative"
"798","2026-02-22","73814.40","1","2024-05-25","1","5.00","Positive"
"167","2024-03-12","75089.94","0","2026-02-13","1","3.00","Neutral"
"299","2025-06-17","9666.84","1","2024-07-01","1","3.00","Neutral"
"660","2023-12-26","21386.27","1","2025-05-08","1","4.00","Positive"
"895","2025-02-07","93837.13","1","2023-02-08","1","2.00","Negative"
"755","2025-01-30","48281.34","0","2025-11-14","1","3.00","Neutral"
"409","2024-11-08","36322.73","1","2024-10-24","1","1.00","Negative"
"28","2025-09-08","35138.47","0","2024-05-31","1","1.00","Negative"
"986","2024-10-06","16838.61","0","2025-05-26","1","2.00","Negative"
"666","2025-05-12","86075.81","1","2025-07-24","1","1.00","Negative"
"23","2026-01-15","61442.65","1","2025-03-05","1","2.00","Negative"
"634","2025-08-16","90940.83","0","2023-09-11","1","2.00","Negative"
"847","2024-06-12","66141.40","1","2026-03-06","1","3.00","Neutral"
"64","2025-09-09","72151.02","1","2023-08-17","1","5.00","Positive"
"6","2025-09-16","77434.97","0","2025-10-12","1","4.00","Positive"
"756","2024-08-09","84159.16","1","2025-04-06","1","5.00","Positive"
"639","2025-09-04","14789.96","1","2025-05-23","1","4.00","Positive"
"404","2023-08-22","63474.44","0","2025-12-17","1","2.00","Negative"
"245","2024-05-11","68813.60","0","2023-05-27","1","5.00","Positive"
"649","2026-03-07","73262.43","0","2024-02-22","1","2.00","Negative"
"640","2024-09-16","28313.57","1","2024-07-01","1","1.00","Negative"
"598","2023-01-08","64006.94","0","2023-05-15","1","4.00","Positive"
"377","2025-07-19","12693.59","0","2024-12-08","1","3.00","Neutral"
"631","2024-07-06","96764.21","0","2025-01-28","1","4.00","Positive"
"320","2025-11-23","94132.67","1","2025-08-26","1","3.00","Neutral"
"742","2023-09-28","94230.06","0","2024-06-21","1","1.00","Negative"
"580","2025-11-26","20263.08","1","2023-02-09","1","3.00","Neutral"
"472","2025-12-19","4577.07","1","2024-10-21","1","2.00","Negative"
"300","2023-10-13","3648.76","0","2023-08-09","1","3.00","Neutral"
"313","2023-02-05","53011.95","0","2025-05-05","1","3.00","Neutral"
"214","2025-09-16","13551.45","0","2024-02-24","1","5.00","Positive"
"625","2024-05-27","38771.08","0","2025-04-02","1","3.00","Neutral"
"151","2023-05-17","99287.99","1","2025-07-02","1","1.00","Negative"
"267","2024-11-18","24741.81","1","2026-01-06","1","1.00","Negative"
"712","2024-08-08","21235.20","0","2025-03-17","1","2.00","Negative"
"393","2023-10-21","77221.82","0","2023-01-07","1","1.00","Negative"
"256","2023-09-01","55293.43","1","2025-07-29","1","3.00","Neutral"
"886","2025-05-31","34734.65","0","2024-12-17","1","4.00","Positive"
"882","2025-09-17","48485.62","1","2026-03-13","1","4.00","Positive"
"86","2024-11-18","95603.97","0","2024-05-23","1","2.00","Negative"
"85","2023-10-16","40769.95","0","2025-05-17","1","4.00","Positive"
"943","2024-11-22","5613.33","0","2026-03-16","1","5.00","Positive"
"725","2024-07-14","29211.45","1","2023-01-09","1","1.00","Negative"
"160","2025-08-05","18214.26","1","2025-12-14","1","4.00","Positive"
"137","2024-07-06","72284.77","0","2026-02-20","1","3.00","Neutral"
"900","2025-08-23","90109.16","0","2023-10-09","1","3.00","Neutral"
"526","2026-01-28","35785.54","1","2025-05-05","1","5.00","Positive"
"438","2025-10-17","91316.63","1","2023-03-04","1","4.00","Positive"
"773","2026-03-07","34498.64","1","2023-02-07","1","5.00","Positive"
"700","2025-07-08","32798.78","1","2025-08-31","1","1.00","Negative"
"83","2024-09-28","60956.00","1","2025-03-18","1","5.00","Positive"
"103","2025-02-24","23034.12","0","2023-01-25","1","1.00","Negative"
"157","2024-04-06","26315.79","1","2024-01-24","1","1.00","Negative"
"112","2023-03-20","53971.00","1","2023-02-23","1","5.00","Positive"
"957","2023-09-24","60069.23","1","2023-05-22","1","5.00","Positive"
"26","2024-10-27","71926.34","0","2023-04-10","1","5.00","Positive"
"699","2025-10-24","5872.12","0","2023-06-11","1","1.00","Negative"
"547","2025-09-23","10272.23","0","2023-12-08","1","4.00","Positive"
"286","2023-01-24","91596.98","0","2023-01-26","1","1.00","Negative"
"118","2025-05-22","86111.84","0","2023-07-14","1","2.00","Negative"
"8","2023-08-03","57760.97","1","2025-08-27","1","4.00","Positive"
"356","2023-09-12","13976.14","1","2025-01-07","1","5.00","Positive"
"716","2025-11-17","39644.87","0","2025-11-15","1","2.00","Negative"
"767","2025-09-22","83614.56","0","2025-07-19","1","3.00","Neutral"
"129","2025-10-30","56103.59","1","2025-06-15","1","4.00","Positive"
"477","2023-02-10","13695.81","1","2025-06-28","1","4.00","Positive"
"340","2023-10-27","75064.60","0","2025-09-14","1","5.00","Positive"
"575","2025-09-22","43839.44","1","2024-03-09","1","3.00","Neutral"
"104","2023-10-10","53640.25","1","2023-03-12","1","3.00","Neutral"
"840","2023-06-16","79547.21","1","2025-02-15","1","1.00","Negative"
"362","2023-11-10","60996.78","1","2023-07-24","1","3.00","Neutral"
"32","2023-07-15","23901.19","0","2023-12-31","1","4.00","Positive"
"478","2025-06-16","92643.83","0","2025-07-06","1","5.00","Positive"
"74","2024-04-12","41136.24","1","2023-05-02","1","1.00","Negative"
"619","2026-02-05","97267.97","1","2025-06-14","1","2.00","Negative"
"274","2025-06-16","95688.96","1","2024-04-08","1","4.00","Positive"
"9","2024-07-31","66872.38","1","2023-04-11","1","2.00","Negative"
"4","2024-10-08","6216.33","0","2024-05-10","1","1.00","Negative"
"401","2024-06-30","28704.56","1","2025-06-06","1","5.00","Positive"
"636","2025-02-17","47820.08","1","2024-11-18","1","2.00","Negative"
"140","2024-12-16","40979.15","1","2023-04-09","1","3.00","Neutral"
"132","2023-10-08","48856.84","1","2024-02-05","1","2.00","Negative"
"545","2024-11-20","10146.34","0","2023-09-25","1","4.00","Positive"
"422","2023-08-29","51368.69","0","2024-07-16","1","2.00","Negative"
"512","2024-08-28","78508.38","0","2024-05-31","1","3.00","Neutral"
"61","2026-03-30","83007.32","0","2023-12-17","1","1.00","Negative"
"380","2024-07-01","98758.03","1","2026-03-03","1","1.00","Negative"
"806","2026-01-15","97799.66","0","2025-03-11","1","1.00","Negative"
"43","2023-10-24","49351.74","0","2024-01-24","1","5.00","Positive"
"357","2024-08-03","36615.96","1","2023-07-25","1","3.00","Neutral"
"766","2024-10-12","29801.30","0","2024-05-01","1","4.00","Positive"
"751","2024-12-07","79333.69","0","2025-09-14","1","1.00","Negative"
"342","2025-10-23","22643.35","0","2025-10-03","1","2.00","Negative"
"731","2025-02-22","43585.51","1","2024-08-03","1","1.00","Negative"
"351","2024-04-24","60495.33","0","2023-09-11","1","3.00","Neutral"
"195","2025-04-25","39761.71","1","2026-02-21","1","2.00","Negative"
"691","2026-02-13","39075.42","0","2024-04-10","1","3.00","Neutral"
"193","2024-02-03","23029.06","0","2024-03-08","1","5.00","Positive"
"88","2023-05-27","9724.42","1","2024-03-29","1","4.00","Positive"
"159","2023-09-07","21690.35","0","2023-10-15","1","3.00","Neutral"
"624","2023-12-17","29576.59","1","2023-09-22","1","2.00","Negative"
"608","2024-04-29","45203.74","1","2023-08-15","1","5.00","Positive"
"688","2023-02-01","27624.72","1","2023-05-24","1","2.00","Negative"
"873","2025-03-27","99586.02","1","2026-01-01","1","3.00","Neutral"
"437","2026-02-04","17306.43","0","2026-03-28","1","5.00","Positive"
"789","2024-07-01","66699.26","0","2024-09-29","1","3.00","Neutral"
"128","2025-09-19","35450.20","0","2023-01-09","1","1.00","Negative"
"311","2023-07-21","4308.98","0","2024-08-26","1","2.00","Negative"
"930","2023-09-25","93941.80","0","2025-01-16","1","1.00","Negative"
"973","2025-03-03","58339.26","1","2024-10-23","1","3.00","Neutral"
"107","2024-07-24","7138.38","1","2024-07-28","1","1.00","Negative"
"400","2025-07-27","77283.07","1","2025-06-14","1","2.00","Negative"
"786","2023-10-09","24353.26","0","2023-08-13","1","5.00","Positive"
"889","2025-03-22","13806.64","0","2025-09-21","1","2.00","Negative"
"78","2023-02-19","63477.41","0","2025-01-18","1","2.00","Negative"
"205","2023-08-19","32684.49","0","2023-11-10","1","2.00","Negative"
"485","2023-03-09","84973.85","0","2023-04-24","1","5.00","Positive"
"781","2024-08-24","70618.86","1","2024-04-06","1","2.00","Negative"
"3","2025-01-10","34869.75","1","2024-07-18","1","2.00","Negative"
"941","2025-11-08","9177.94","1","2025-08-21","1","1.00","Negative"
"371","2023-04-11","86580.85","1","2025-12-19","1","5.00","Positive"
"680","2024-01-31","8733.81","0","2024-06-09","1","4.00","Positive"
"436","2024-06-05","88398.15","0","2025-07-26","1","2.00","Negative"
"985","2023-08-06","90056.79","1","2025-11-11","1","4.00","Positive"
"796","2024-03-31","26872.78","1","2023-06-22","1","5.00","Positive"
"690","2026-03-29","37026.93","1","2023-11-22","1","5.00","Positive"
"529","2023-03-29","93332.42","1","2023-11-05","1","1.00","Negative"
"974","2025-02-07","35556.45","1","2023-06-21","1","2.00","Negative"
"384","2025-01-31","46755.01","0","2024-02-10","1","3.00","Neutral"
"540","2023-08-28","72847.53","1","2023-07-15","1","3.00","Neutral"
"213","2026-01-09","59884.06","1","2024-08-27","1","4.00","Positive"
"678","2025-08-08","84813.11","1","2025-06-25","1","4.00","Positive"
"251","2023-08-10","98173.96","0","2024-06-10","1","1.00","Negative"
"663","2025-07-27","10017.87","0","2023-10-27","1","4.00","Positive"
"302","2024-11-03","28741.49","1","2023-03-21","1","1.00","Negative"
"204","2025-03-11","69350.70","1","2023-03-25","1","2.00","Negative"
"864","2025-06-12","89028.96","0","2023-05-03","1","1.00","Negative"
"860","2023-04-28","14964.23","0","2025-09-23","1","3.00","Neutral"
"601","2024-07-15","25131.59","0","2023-05-13","1","1.00","Negative"
"369","2023-05-30","75697.78","0","2025-07-04","1","1.00","Negative"
"421","2024-08-19","79906.61","0","2024-09-07","1","2.00","Negative"
"965","2026-03-30","96541.79","0","2024-10-23","1","2.00","Negative"
"833","2025-10-29","87977.50","0","2026-02-21","1","1.00","Negative"
"594","2024-11-02","78277.29","1","2025-12-25","1","2.00","Negative"
"353","2024-09-12","74875.53","1","2024-10-22","1","4.00","Positive"
"102","2026-01-25","12667.61","0","2023-11-10","1","1.00","Negative"
"92","2023-09-22","62281.19","0","2025-12-11","1","3.00","Neutral"
"428","2025-06-14","43289.82","0","2025-07-05","1","5.00","Positive"
"715","2023-07-05","84490.94","0","2023-07-04","1","2.00","Negative"
"977","2023-02-04","12737.44","0","2025-03-04","1","5.00","Positive"
"689","2025-03-08","85416.38","1","2024-06-17","1","4.00","Positive"
"149","2024-03-31","97810.80","0","2024-04-14","1","1.00","Negative"
"972","2024-12-01","8099.11","1","2025-01-13","1","3.00","Neutral"
"950","2025-11-19","33547.09","1","2024-09-23","1","5.00","Positive"
"785","2024-06-12","71145.02","1","2024-10-01","1","5.00","Positive"
"331","2025-02-24","53337.04","1","2024-12-25","1","2.00","Negative"
"150","2024-02-12","93953.82","1","2025-07-17","1","5.00","Positive"
"998","2026-03-10","43084.52","1","2024-01-16","1","3.00","Neutral"
"813","2025-12-11","68328.71","0","2024-12-02","1","4.00","Positive"
"406","2023-04-08","2483.09","1","2024-10-23","1","3.00","Neutral"
"802","2026-03-11","11883.34","0","2023-01-12","1","4.00","Positive"
"200","2024-02-21","838.54","0","2024-11-10","1","2.00","Negative"
"490","2024-01-20","5157.54","0","2025-04-04","1","5.00","Positive"
"225","2025-04-30","7784.92","0","2025-08-17","1","5.00","Positive"
"164","2026-03-06","17104.63","0","2025-07-31","1","2.00","Negative"
"719","2023-09-07","89661.38","0","2025-09-23","1","3.00","Neutral"
"275","2024-05-06","15889.67","0","2025-04-09","1","2.00","Negative"
"184","2026-03-03","68946.86","0","2023-01-01","1","2.00","Negative"
"936","2024-08-01","91600.03","0","2025-04-06","1","3.00","Neutral"
"589","2026-03-05","26230.34","0","2023-08-15","1","1.00","Negative"
"542","2025-06-04","95427.49","0","2025-11-18","1","4.00","Positive"
"443","2023-10-19","25284.17","1","2024-07-22","1","3.00","Neutral"
"803","2024-03-01","5054.22","0","2023-01-22","1","5.00","Positive"
"57","2024-02-05","69841.10","1","2023-07-20","1","1.00","Negative"
"582","2026-03-08","57431.92","0","2025-01-28","1","5.00","Positive"
"501","2023-03-11","36916.90","1","2025-12-07","1","5.00","Positive"
"425","2025-04-30","99722.77","1","2024-02-28","1","3.00","Neutral"
"937","2026-02-25","43328.32","1","2024-05-07","1","2.00","Negative"
"456","2025-06-08","31552.64","0","2025-01-04","1","3.00","Neutral"
"447","2023-06-29","81636.27","0","2023-06-17","1","1.00","Negative"
"339","2024-12-15","97025.95","1","2023-12-16","1","3.00","Neutral"
"499","2023-03-10","71176.49","0","2023-03-13","1","5.00","Positive"
"897","2026-03-22","64304.28","0","2023-08-28","1","2.00","Negative"
"975","2023-04-26","69917.52","0","2026-03-03","1","1.00","Negative"
"123","2024-11-17","78594.21","0","2025-02-26","1","1.00","Negative"
"332","2024-12-26","82661.16","0","2025-05-05","1","3.00","Neutral"
"532","2025-10-28","72826.21","0","2024-03-03","1","3.00","Neutral"
"915","2025-08-02","59277.55","1","2026-01-27","1","2.00","Negative"
"752","2023-05-03","63347.04","0","2024-03-15","1","4.00","Positive"
"853","2026-03-20","70696.76","1","2025-09-14","1","4.00","Positive"
"981","2025-07-02","58789.41","1","2025-09-15","1","2.00","Negative"
"576","2023-07-17","16516.63","1","2025-08-01","1","4.00","Positive"
"325","2023-02-04","3963.62","1","2023-12-02","1","5.00","Positive"
"627","2024-11-08","41930.00","1","2025-04-12","1","1.00","Negative"
"223","2025-08-21","58615.26","1","2024-04-29","1","2.00","Negative"
"134","2025-12-03","86901.85","0","2025-10-05","1","3.00","Neutral"
"268","2025-07-16","89492.59","0","2024-12-18","1","5.00","Positive"
"373","2023-09-11","92315.33","1","2025-12-13","1","1.00","Negative"
"146","2025-06-15","816.41","0","2024-10-09","1","5.00","Positive"
"240","2023-01-06","44669.51","0","2023-02-11","1","5.00","Positive"
"884","2026-03-09","79864.10","0","2023-02-09","1","1.00","Negative"
"922","2024-10-10","56622.88","0","2026-03-12","1","2.00","Negative"
"536","2023-10-20","22756.77","1","2024-11-15","1","4.00","Positive"
"66","2023-07-26","85678.91","0","2025-08-23","1","5.00","Positive"
"45","2023-01-01","35194.04","0","2023-09-17","1","3.00","Neutral"
"706","2026-03-29","42427.47","1","2025-08-23","1","4.00","Positive"
"826","2026-01-30","95628.78","0","2024-01-03","1","5.00","Positive"
"508","2024-11-17","54288.66","0","2025-01-22","1","3.00","Neutral"
"188","2025-04-01","97250.42","1","2025-03-08","1","1.00","Negative"
"468","2023-07-09","53437.74","0","2024-07-29","1","2.00","Negative"
"69","2023-03-23","53204.24","0","2023-11-16","1","5.00","Positive"
"423","2025-05-26","13897.32","1","2025-11-09","1","2.00","Negative"
"429","2024-01-07","33436.33","1","2025-09-16","1","4.00","Positive"
"136","2023-08-10","83229.76","1","2024-09-05","1","3.00","Neutral"
"642","2023-10-10","63671.73","0","2025-03-10","1","4.00","Positive"
"402","2023-01-20","70096.15","0","2023-07-21","1","5.00","Positive"
"141","2023-10-14","63078.46","0","2025-08-22","1","4.00","Positive"
"52","2024-09-27","85707.44","1","2025-03-15","1","5.00","Positive"
"170","2024-07-17","82519.33","0","2023-12-14","1","1.00","Negative"
"976","2025-05-17","4692.34","1","2025-04-22","1","1.00","Negative"
"366","2024-06-12","74228.40","1","2025-08-15","1","1.00","Negative"
"921","2024-07-20","58649.87","0","2024-07-05","1","3.00","Neutral"
"510","2025-05-18","29384.90","1","2023-10-26","1","2.00","Negative"
"842","2025-01-21","6259.90","1","2024-07-05","1","2.00","Negative"
"747","2025-06-29","65399.25","0","2023-02-05","1","1.00","Negative"
"237","2025-07-10","5283.52","0","2024-09-06","1","1.00","Negative"
"418","2025-02-11","62550.78","1","2024-04-13","1","2.00","Negative"
"993","2024-12-07","52050.74","1","2023-07-31","1","1.00","Negative"
"661","2023-08-02","70447.28","0","2025-01-10","1","4.00","Positive"
"363","2023-06-02","7357.52","1","2023-12-01","1","3.00","Neutral"
"770","2024-02-26","44706.91","1","2024-09-02","1","4.00","Positive"
"687","2024-07-01","18499.34","1","2023-09-11","1","5.00","Positive"
"673","2023-09-26","23586.61","1","2023-05-26","1","4.00","Positive"
"56","2025-05-09","12558.50","0","2023-07-29","1","3.00","Neutral"
"871","2024-01-15","66806.16","1","2024-06-06","1","4.00","Positive"
"22","2024-07-07","57368.48","1","2023-07-06","1","1.00","Negative"
"865","2023-03-16","54008.86","0","2025-07-16","1","1.00","Negative"
"856","2023-09-26","18459.13","1","2026-01-12","1","2.00","Negative"
"63","2024-01-06","63415.35","0","2024-08-08","1","4.00","Positive"
"708","2023-12-04","48968.44","1","2024-06-12","1","3.00","Neutral"
"573","2023-08-06","98074.09","0","2024-09-22","1","1.00","Negative"
"341","2025-04-02","99312.04","0","2025-12-16","1","3.00","Neutral"
"209","2024-08-23","10739.82","1","2025-08-19","1","3.00","Neutral"
"207","2023-12-03","60585.93","1","2023-11-04","1","4.00","Positive"
"552","2023-01-16","91015.90","0","2024-01-21","1","3.00","Neutral"
"792","2023-11-08","27716.67","1","2023-02-13","1","4.00","Positive"
"750","2026-02-07","1136.64","0","2023-08-03","1","5.00","Positive"
"221","2026-03-14","14000.23","0","2024-01-07","1","1.00","Negative"
"800","2025-10-04","48000.29","1","2025-05-09","1","1.00","Negative"
"823","2025-07-27","77713.12","1","2023-03-19","1","5.00","Positive"
"389","2023-11-17","70910.97","1","2025-09-02","1","1.00","Negative"
"58","2026-01-27","43641.76","1","2023-04-27","1","4.00","Positive"
"942","2023-03-23","66339.16","0","2023-09-20","1","4.00","Positive"
"720","2025-01-10","12217.11","1","2024-08-02","1","1.00","Negative"
"305","2026-03-29","59014.32","1","2024-11-27","1","2.00","Negative"
"430","2023-08-07","62629.71","1","2024-05-17","1","5.00","Positive"
"411","2024-05-23","11714.74","0","2025-08-03","1","5.00","Positive"
"983","2024-01-07","49822.92","0","2024-02-27","1","4.00","Positive"
"312","2026-02-09","7827.36","0","2024-08-19","1","5.00","Positive"
"698","2025-11-19","54067.68","0","2025-12-03","1","3.00","Neutral"
"101","2023-11-15","31026.02","0","2025-02-06","1","2.00","Negative"
"1000","2023-09-23","6266.35","0","2023-04-09","1","4.00","Positive"
"53","2024-04-05","62477.11","0","2024-08-14","1","5.00","Positive"
"645","2025-04-28","98948.03","1","2025-03-08","1","5.00","Positive"
"217","2023-02-02","54349.80","1","2023-03-06","1","2.00","Negative"
"868","2023-09-13","5490.34","0","2024-10-03","1","3.00","Neutral"
"244","2023-09-20","59619.34","0","2023-01-31","1","5.00","Positive"
"527","2023-09-10","16971.40","1","2023-05-10","1","5.00","Positive"
"517","2023-03-02","23440.75","0","2025-09-04","1","4.00","Positive"
"453","2024-09-25","50443.60","1","2024-03-13","1","3.00","Neutral"
"5","2025-07-03","46263.67","1","2025-02-20","1","5.00","Positive"
"797","2025-08-07","96033.95","0","2023-08-12","1","3.00","Neutral"
"260","2025-07-12","75558.45","0","2025-10-21","1","4.00","Positive"
"829","2024-11-24","77810.05","1","2026-01-11","1","4.00","Positive"
"239","2025-07-09","51715.93","0","2024-04-09","1","1.00","Negative"
"59","2025-09-28","78963.98","0","2023-08-21","1","5.00","Positive"
"753","2024-03-21","6814.69","1","2023-04-10","1","2.00","Negative"
"710","2025-01-03","9859.37","0","2024-05-25","1","4.00","Positive"
"994","2024-01-19","77596.47","0","2023-11-01","1","4.00","Positive"
"360","2025-01-11","80040.65","0","2024-08-06","1","2.00","Negative"
"329","2025-09-04","97431.95","0","2025-07-20","1","4.00","Positive"
"903","2024-05-27","75635.07","1","2024-04-04","1","5.00","Positive"
"831","2024-03-10","20540.61","0","2024-10-03","1","5.00","Positive"
"616","2024-10-23","15428.41","0","2023-05-18","1","2.00","Negative"
"398","2023-05-17","34517.81","1","2024-01-12","1","1.00","Negative"
"958","2023-03-25","33365.94","1","2023-12-06","1","3.00","Neutral"
"626","2024-02-29","45871.40","0","2023-09-27","1","4.00","Positive"
"530","2023-03-26","49890.91","0","2023-01-14","1","3.00","Neutral"
"920","2024-02-16","13555.98","1","2023-06-18","1","5.00","Positive"
"50","2024-01-10","28350.31","0","2025-08-20","1","4.00","Positive"
"727","2025-02-26","2091.74","1","2024-12-01","1","1.00","Negative"
"511","2023-11-01","75777.92","1","2023-09-15","1","3.00","Neutral"
"446","2025-05-10","46290.30","0","2024-08-06","1","4.00","Positive"
"403","2025-04-05","43999.62","1","2024-01-26","1","1.00","Negative"
"198","2024-08-05","89145.41","1","2024-12-11","1","5.00","Positive"
"96","2025-09-27","16737.50","0","2023-02-08","1","5.00","Positive"
"459","2023-06-29","77017.70","0","2023-12-20","1","2.00","Negative"
"173","2023-04-20","60620.94","0","2024-02-14","1","3.00","Neutral"
"196","2024-02-04","33762.49","1","2026-03-23","1","1.00","Negative"
"605","2024-06-28","96526.03","1","2024-04-21","1","5.00","Positive"
"484","2023-11-23","37445.13","0","2023-10-04","1","3.00","Neutral"
"113","2025-04-17","62104.47","1","2026-03-10","1","1.00","Negative"
"317","2024-02-15","70571.49","0","2025-01-26","1","1.00","Negative"
"933","2026-03-24","24230.25","1","2023-09-28","1","4.00","Positive"
"925","2024-05-09","68923.61","0","2024-04-12","1","2.00","Negative"
"498","2024-03-08","46882.08","0","2025-01-18","1","4.00","Positive"
"859","2024-09-19","474.18","0","2025-03-08","1","2.00","Negative"
"775","2024-11-11","88185.67","1","2023-05-17","1","4.00","Positive"
"744","2026-01-18","33499.55","1","2023-03-12","1","3.00","Neutral"
"682","2025-07-07","268.92","0","2024-02-14","1","3.00","Neutral"
"218","2024-06-03","38151.25","1","2025-02-06","1","4.00","Positive"
"337","2025-10-23","79740.61","0","2025-12-29","1","5.00","Positive"
"723","2023-05-29","55747.13","0","2024-03-30","1","5.00","Positive"
"11","2023-06-11","35933.40","1","2025-04-04","1","4.00","Positive"
"60","2025-11-10","76484.22","0","2025-03-30","1","2.00","Negative"
"110","2026-03-30","75787.25","1","2024-12-03","1","3.00","Neutral"
"378","2025-10-17","1515.32","0","2023-12-05","1","3.00","Neutral"
"156","2024-04-23","4705.70","0","2023-11-02","1","3.00","Neutral"
"653","2025-03-17","56945.81","1","2023-01-27","1","4.00","Positive"
"968","2026-01-20","50451.92","0","2025-09-14","1","5.00","Positive"
"410","2025-02-22","62699.53","1","2023-11-07","1","1.00","Negative"
"848","2024-10-20","69221.38","1","2024-03-13","1","2.00","Negative"
"15","2023-01-20","86506.68","1","2024-08-16","1","5.00","Positive"
"658","2025-03-31","26161.42","1","2025-12-02","1","5.00","Positive"
"73","2023-09-16","22010.85","0","2024-12-29","1","1.00","Negative"
"343","2023-01-22","92917.10","0","2023-10-07","1","5.00","Positive"
"349","2024-11-28","40440.63","0","2024-09-11","1","3.00","Neutral"
"368","2025-09-01","16889.24","0","2023-11-06","1","5.00","Positive"
"717","2024-12-19","46055.12","1","2025-06-29","1","4.00","Positive"
"704","2024-06-14","55547.41","0","2025-07-06","1","3.00","Neutral"
"733","2024-05-17","68272.01","0","2025-12-11","1","4.00","Positive"
"836","2025-11-20","61512.78","1","2024-11-20","1","3.00","Neutral"
"632","2026-02-02","25780.21","0","2023-06-17","1","4.00","Positive"
"779","2023-05-16","82810.20","0","2025-02-28","1","1.00","Negative"
"577","2024-10-24","50508.62","0","2025-05-23","1","2.00","Negative"
"21","2025-10-10","48863.14","1","2025-12-12","1","3.00","Neutral"
"586","2023-12-12","83738.21","0","2023-04-02","1","5.00","Positive"
"364","2024-06-11","70531.72","1","2025-10-04","1","1.00","Negative"
"705","2023-07-07","95370.76","1","2023-08-08","1","5.00","Positive"
"284","2025-02-27","86728.44","0","2025-11-13","1","4.00","Positive"
"486","2024-02-20","94054.21","1","2026-01-17","1","5.00","Positive"
"572","2025-03-04","63488.76","1","2024-05-04","1","4.00","Positive"
"655","2025-06-15","16403.50","0","2023-07-27","1","3.00","Neutral"
"583","2025-11-21","54567.78","0","2023-05-21","1","4.00","Positive"
"162","2023-11-04","12479.61","0","2026-01-11","1","2.00","Negative"
"899","2023-07-16","86323.94","0","2023-02-02","1","5.00","Positive"
"298","2023-09-24","23473.40","1","2023-08-27","1","4.00","Positive"
"492","2024-06-05","92194.60","1","2023-07-12","1","4.00","Positive"
"432","2024-03-02","83461.19","0","2024-04-11","1","3.00","Neutral"
"549","2025-04-03","70650.07","0","2024-04-15","1","3.00","Neutral"
"954","2025-11-09","36172.55","1","2024-05-22","1","1.00","Negative"
"319","2026-01-05","79147.17","1","2025-07-09","1","3.00","Neutral"
"876","2024-08-19","14789.98","1","2025-02-03","1","5.00","Positive"
"133","2023-12-01","98683.79","1","2025-01-21","1","3.00","Neutral"
"911","2024-03-03","72694.07","0","2023-02-22","1","5.00","Positive"
"867","2025-12-25","33009.36","0","2024-09-18","1","1.00","Negative"
"202","2025-03-12","99987.01","1","2024-09-24","1","1.00","Negative"
"683","2025-07-27","88827.95","1","2023-03-10","1","3.00","Neutral"
"674","2024-04-01","63199.43","0","2023-04-27","1","2.00","Negative"
"489","2025-01-23","45083.81","0","2026-02-21","1","4.00","Positive"
"19","2024-01-20","407.93","0","2025-11-08","1","2.00","Negative"
"25","2025-04-17","69994.92","1","2024-07-10","1","3.00","Neutral"
"541","2023-07-12","38927.76","0","2023-06-22","1","5.00","Positive"
"252","2024-07-01","49040.23","0","2025-11-29","1","3.00","Neutral"
"982","2025-03-26","42129.98","1","2023-04-18","1","2.00","Negative"
"534","2024-01-22","76506.03","0","2024-07-24","1","5.00","Positive"
"671","2025-08-21","99572.88","1","2023-09-09","1","3.00","Neutral"
"370","2025-11-18","23423.57","1","2025-05-27","1","3.00","Neutral"
"236","2025-12-17","56367.71","1","2025-03-10","1","5.00","Positive"
"440","2026-03-06","25195.68","1","2024-04-16","1","4.00","Positive"
"458","2025-03-27","49676.25","0","2024-02-29","1","1.00","Negative"
"399","2024-10-29","85896.03","0","2023-11-18","1","2.00","Negative"
"323","2024-04-07","80541.68","0","2025-08-15","1","4.00","Positive"
"259","2023-10-05","62939.22","0","2023-06-20","1","3.00","Neutral"
"593","2024-04-08","39080.54","0","2024-12-25","1","1.00","Negative"
"907","2024-02-28","61913.76","0","2024-03-26","1","3.00","Neutral"
"30","2023-01-26","9608.29","0","2024-06-08","1","4.00","Positive"
"633","2024-02-17","26873.71","0","2024-11-23","1","5.00","Positive"
"914","2026-01-08","5046.66","1","2023-05-10","1","3.00","Neutral"
"883","2025-05-22","9705.64","1","2025-08-05","1","2.00","Negative"
"646","2024-11-02","26152.38","1","2024-08-19","1","4.00","Positive"
"898","2025-06-23","29917.60","1","2024-08-16","1","2.00","Negative"
"385","2024-01-05","98135.77","1","2026-02-05","1","3.00","Neutral"
"450","2023-09-17","84047.82","1","2024-10-16","1","1.00","Negative"
"310","2023-07-29","62394.01","1","2023-11-27","1","3.00","Neutral"
"969","2023-03-29","25988.04","1","2025-12-22","1","3.00","Neutral"
"289","2026-03-23","42848.94","1","2025-06-29","1","2.00","Negative"
"996","2023-01-08","86737.10","1","2023-07-13","1","1.00","Negative"
"703","2025-02-19","54292.63","1","2024-05-06","1","4.00","Positive"
"667","2024-12-20","69546.09","1","2026-01-19","1","3.00","Neutral"
"97","2025-01-06","11312.13","0","2023-10-10","1","5.00","Positive"
"451","2024-10-15","79756.78","1","2025-03-20","1","2.00","Negative"
"617","2024-01-11","17438.71","0","2024-02-24","1","2.00","Negative"
"280","2024-01-06","13573.81","0","2025-11-03","1","3.00","Neutral"
"835","2023-12-20","26198.72","1","2023-03-22","1","2.00","Negative"
"561","2025-04-03","35363.58","0","2024-01-02","1","4.00","Positive"
"174","2026-03-21","24272.57","0","2025-07-06","1","3.00","Neutral"
"322","2024-12-28","67013.38","1","2024-07-10","1","2.00","Negative"
"997","2024-10-02","51496.25","0","2023-09-19","1","4.00","Positive"
"571","2025-10-01","3171.13","0","2023-03-17","1","3.00","Neutral"
"473","2024-10-14","14305.88","1","2026-03-15","1","1.00","Negative"
"91","2025-07-19","49249.80","0","2025-05-05","1","4.00","Positive"
"648","2023-02-14","97937.72","0","2025-09-14","1","2.00","Negative"
"457","2024-01-24","90074.48","1","2023-06-22","1","3.00","Neutral"
"816","2024-04-21","25837.89","0","2026-02-26","1","5.00","Positive"
"692","2025-08-25","53494.59","0","2025-11-26","1","4.00","Positive"
"171","2023-12-26","76840.82","0","2025-07-14","1","1.00","Negative"
"87","2024-07-19","24963.73","1","2025-01-22","1","3.00","Neutral"
"1","2025-12-13","68717.16","0","2024-04-02","1","5.00","Positive"
"961","2025-04-08","25048.92","0","2026-01-07","1","4.00","Positive"
"759","2025-03-26","88055.59","1","2025-10-16","1","3.00","Neutral"
"316","2025-07-20","79854.36","0","2023-05-03","1","1.00","Negative"
"924","2024-12-19","92021.90","1","2023-04-11","1","1.00","Negative"
"970","2025-08-31","32724.67","1","2023-03-01","1","2.00","Negative"
"944","2023-08-18","58383.68","1","2023-07-08","1","1.00","Negative"
"702","2024-07-21","5890.17","0","2025-05-26","1","5.00","Positive"
"262","2023-09-29","38769.44","1","2023-06-09","1","2.00","Negative"
"711","2025-12-07","34143.75","1","2023-05-18","1","5.00","Positive"
"90","2026-02-05","53887.03","0","2023-04-01","1","2.00","Negative"
"16","2025-06-03","57689.71","1","2025-08-06","1","1.00","Negative"
"257","2023-11-20","49607.65","0","2024-02-06","1","1.00","Negative"
"210","2025-11-17","89945.07","1","2025-04-02","1","1.00","Negative"
"845","2026-03-24","34523.89","1","2025-03-29","1","1.00","Negative"
"354","2024-03-31","83743.28","1","2025-02-09","1","3.00","Neutral"
"75","2023-07-29","57369.48","0","2024-01-23","1","4.00","Positive"
"497","2023-02-22","12812.79","0","2024-01-31","1","5.00","Positive"
"383","2025-04-06","57051.07","0","2025-02-10","1","2.00","Negative"
"13","2023-02-09","19259.19","1","2023-07-21","1","1.00","Negative"
"956","2025-11-04","89003.33","1","2023-05-11","1","3.00","Neutral"
"881","2025-10-13","28053.52","1","2023-08-01","1","5.00","Positive"
"93","2024-05-06","2252.62","0","2023-06-07","1","3.00","Neutral"
"726","2024-10-13","79776.72","0","2024-04-25","1","5.00","Positive"
"34","2026-02-19","81718.78","0","2024-02-29","1","1.00","Negative"
"182","2024-03-24","32771.36","1","2026-01-17","1","5.00","Positive"
"115","2026-02-28","66811.01","0","2023-10-15","1","3.00","Neutral"
"945","2025-10-09","32618.65","1","2023-04-30","1","5.00","Positive"
"18","2026-02-07","30605.92","0","2024-03-13","1","4.00","Positive"
"465","2024-05-22","74869.03","1","2025-05-30","1","1.00","Negative"
"761","2025-08-22","82572.00","0","2023-03-24","1","2.00","Negative"
"735","2025-12-30","66095.32","1","2024-10-23","1","1.00","Negative"
"855","2025-04-09","78231.20","1","2025-05-15","1","2.00","Negative"
"346","2024-05-10","13362.53","1","2024-12-16","1","1.00","Negative"
"282","2024-12-12","10266.89","1","2024-03-20","1","5.00","Positive"
"790","2025-09-10","37786.87","0","2023-11-02","1","1.00","Negative"
"919","2024-06-25","25495.79","1","2023-01-04","1","2.00","Negative"
"938","2025-12-31","13274.84","1","2023-03-31","1","5.00","Positive"
"951","2025-11-01","97155.28","0","2023-01-20","1","4.00","Positive"
"442","2024-09-08","93742.88","0","2023-10-28","1","5.00","Positive"
"199","2024-08-16","71963.40","0","2025-05-23","1","5.00","Positive"
"869","2025-12-08","2775.89","1","2023-04-29","1","1.00","Negative"
"455","2024-08-20","76216.54","1","2025-12-18","1","5.00","Positive"
"335","2024-04-17","20534.03","1","2023-01-20","1","3.00","Neutral"
"701","2025-12-23","13886.72","1","2023-01-15","1","3.00","Neutral"
"31","2024-03-28","41622.27","0","2024-07-08","1","5.00","Positive"
"818","2023-01-29","8174.12","1","2025-03-16","1","5.00","Positive"
"114","2025-02-12","95310.07","1","2023-08-24","1","4.00","Positive"
"581","2024-10-29","91893.80","0","2024-02-07","1","5.00","Positive"
"668","2025-07-19","77183.46","1","2024-12-19","1","3.00","Neutral"
"82","2023-11-13","30639.10","1","2024-10-31","1","2.00","Negative"
"935","2023-03-30","38449.91","0","2023-09-01","1","3.00","Neutral"
"269","2024-09-30","61260.25","0","2024-11-16","1","3.00","Neutral"
"309","2024-11-04","66409.76","0","2024-03-11","1","1.00","Negative"
"839","2025-11-07","25534.04","1","2025-10-03","1","3.00","Neutral"
"54","2025-06-18","87422.04","0","2023-08-07","1","5.00","Positive"
"139","2024-06-23","55849.67","1","2023-07-05","1","5.00","Positive"
"891","2023-06-19","34674.25","1","2023-04-30","1","4.00","Positive"
"553","2025-08-26","71747.45","1","2023-02-16","1","3.00","Neutral"
"392","2024-07-05","32569.92","1","2023-12-05","1","1.00","Negative"
"772","2025-05-30","16644.65","0","2025-10-06","1","4.00","Positive"
"241","2023-12-21","7962.06","1","2023-01-06","1","1.00","Negative"
"630","2023-07-17","35235.29","1","2026-03-24","1","5.00","Positive"
"324","2024-09-23","1801.44","1","2023-08-01","1","4.00","Positive"
"638","2023-01-09","28468.78","1","2023-11-04","1","3.00","Neutral"
"878","2025-05-17","84924.50","1","2025-12-02","1","1.00","Negative"
"843","2023-04-15","5428.45","1","2023-10-09","1","5.00","Positive"
"374","2024-09-23","92849.01","1","2025-03-11","1","4.00","Positive"
"281","2025-08-14","44390.96","0","2023-04-11","1","2.00","Negative"
"999","2025-11-01","27351.44","1","2023-10-29","1","2.00","Negative"
"348","2026-02-03","90635.40","0","2024-08-03","1","5.00","Positive"
"116","2025-11-17","65186.47","0","2024-11-16","1","3.00","Neutral"
"988","2025-12-12","14160.95","1","2025-04-13","1","4.00","Positive"
"778","2024-08-16","67092.38","0","2023-11-26","1","2.00","Negative"
"832","2023-08-26","92827.34","0","2024-11-26","1","4.00","Positive"
"664","2025-04-21","85574.10","0","2024-02-26","1","1.00","Negative"
"837","2025-05-02","17497.70","1","2026-03-23","1","5.00","Positive"
"152","2025-12-17","79992.59","0","2025-08-24","1","5.00","Positive"
"764","2023-05-13","74440.36","1","2024-12-23","1","2.00","Negative"
"644","2024-01-18","71360.02","0","2025-03-17","1","1.00","Negative"
"230","2025-08-09","96687.98","1","2025-04-26","1","1.00","Negative"
"827","2023-04-29","35029.76","1","2024-05-13","1","4.00","Positive"
"811","2025-08-27","58293.83","1","2024-03-08","1","4.00","Positive"
"290","2024-01-20","18052.81","1","2025-01-03","1","2.00","Negative"
"448","2024-07-26","15389.81","1","2024-03-04","1","2.00","Negative"
"185","2023-12-15","86425.00","1","2026-03-20","1","1.00","Negative"
"120","2023-11-13","73917.45","1","2024-05-12","1","1.00","Negative"
"287","2025-01-06","45975.98","0","2025-05-14","1","2.00","Negative"
"777","2025-11-08","82002.26","1","2023-08-30","1","4.00","Positive"
"441","2025-05-25","26057.55","0","2024-12-25","1","5.00","Positive"
"258","2025-01-10","7630.29","0","2023-09-04","1","2.00","Negative"
"89","2024-03-16","88286.13","0","2026-02-12","1","3.00","Neutral"
"522","2025-04-11","48674.39","1","2023-02-18","1","4.00","Positive"
"560","2024-02-26","86945.80","1","2024-06-23","1","3.00","Neutral"
"585","2023-10-10","69114.88","0","2023-05-29","1","2.00","Negative"
"557","2024-09-16","9180.78","1","2024-09-26","1","3.00","Neutral"
"72","2024-10-16","56786.31","0","2026-03-19","1","4.00","Positive"
"224","2023-03-03","41303.58","0","2024-02-20","1","1.00","Negative"
"155","2023-12-09","20981.00","0","2024-01-03","1","5.00","Positive"
"206","2023-08-22","6444.93","1","2023-12-09","1","1.00","Negative"
"570","2025-02-03","66446.75","0","2025-11-21","1","3.00","Neutral"
"359","2025-04-05","33515.19","0","2023-01-29","1","3.00","Neutral"
"740","2025-01-21","74445.62","0","2023-04-08","1","4.00","Positive"
"197","2023-06-01","45102.98","0","2026-01-17","1","1.00","Negative"
"14","2025-12-14","41536.07","1","2025-04-26","1","5.00","Positive"
"967","2024-05-11","29918.76","0","2025-07-22","1","1.00","Negative"
"158","2024-05-03","30624.50","0","2023-01-07","1","1.00","Negative"
"828","2024-08-30","10748.04","1","2024-07-30","1","5.00","Positive"
"408","2026-03-20","92722.28","1","2023-12-29","1","4.00","Positive"
"189","2024-03-27","14812.22","1","2025-01-17","1","1.00","Negative"
"934","2024-03-01","88068.52","0","2025-08-03","1","3.00","Neutral"
"231","2024-03-23","75275.15","1","2023-12-29","1","2.00","Negative"
"659","2025-07-04","38649.85","0","2023-11-06","1","3.00","Neutral"
"424","2024-07-09","19625.80","0","2025-02-22","1","1.00","Negative"
"131","2025-01-22","46243.08","1","2023-03-29","1","3.00","Neutral"
"99","2024-06-13","73779.70","1","2023-03-30","1","5.00","Positive"
"211","2024-06-11","12135.72","1","2023-04-26","1","5.00","Positive"
"175","2024-04-15","92821.05","1","2023-06-12","1","3.00","Neutral"
"390","2023-09-10","90320.15","1","2025-05-14","1","2.00","Negative"
"504","2023-02-05","54450.17","0","2023-07-04","1","3.00","Neutral"
"991","2024-05-31","72205.08","0","2025-10-29","1","4.00","Positive"
"355","2025-08-29","63930.22","1","2026-03-14","1","2.00","Negative"
"618","2023-11-05","97591.70","0","2025-08-20","1","2.00","Negative"
"952","2024-12-07","18731.02","1","2026-01-18","1","4.00","Positive"
"233","2024-01-11","36738.43","1","2024-07-26","1","2.00","Negative"
"612","2025-04-10","66738.31","1","2026-02-07","1","1.00","Negative"
"470","2024-07-07","66024.46","0","2025-09-20","1","5.00","Positive"
"590","2026-03-25","29875.94","1","2023-07-13","1","2.00","Negative"
"379","2026-01-08","93781.85","1","2025-08-22","1","2.00","Negative"
"142","2024-06-08","3247.06","0","2026-03-13","1","1.00","Negative"
"795","2023-11-25","37705.96","0","2024-10-19","1","5.00","Positive"
"984","2026-02-11","56565.01","0","2023-04-14","1","1.00","Negative"
"788","2023-01-26","90607.37","0","2025-08-24","1","3.00","Neutral"
"629","2024-04-09","57027.14","1","2023-09-23","1","4.00","Positive"
"270","2023-07-25","71212.89","0","2025-06-17","1","3.00","Neutral"
"148","2025-09-26","57274.74","0","2023-11-26","1","3.00","Neutral"
"65","2025-03-12","22759.42","0","2025-08-11","1","4.00","Positive"
"765","2023-07-08","76374.22","0","2024-02-02","1","5.00","Positive"
"338","2025-06-13","31245.65","0","2025-01-10","1","4.00","Positive"
"538","2024-04-25","67230.51","1","2025-10-26","1","3.00","Neutral"
"568","2024-04-25","12444.61","1","2023-10-01","1","3.00","Neutral"
"467","2024-06-12","46734.53","0","2023-10-18","1","3.00","Neutral"
"774","2023-11-29","13844.67","0","2025-06-26","1","1.00","Negative"
"405","2025-01-24","91663.10","0","2025-02-23","1","5.00","Positive"
"620","2023-06-02","9603.42","0","2024-12-19","1","5.00","Positive"
"810","2026-02-26","43980.78","1","2024-12-28","1","2.00","Negative"
"35","2023-11-28","62139.11","0","2025-05-07","1","3.00","Neutral"
"890","2025-12-25","84421.32","1","2026-02-17","1","3.00","Neutral"
"918","2023-02-27","44598.73","0","2024-02-12","1","2.00","Negative"
"694","2023-02-10","57286.45","1","2024-09-02","1","3.00","Neutral"
"265","2024-06-22","1788.88","1","2024-12-11","1","3.00","Neutral"
"591","2023-04-20","52159.25","0","2023-11-18","1","5.00","Positive"
"578","2023-11-10","83564.87","0","2025-11-06","1","3.00","Neutral"
"665","2025-08-17","50490.23","1","2024-03-10","1","5.00","Positive"
"176","2023-05-05","57738.63","0","2025-06-06","1","2.00","Negative"
"327","2025-12-18","61510.89","1","2023-06-14","1","3.00","Neutral"
"266","2025-07-09","54785.16","1","2025-06-29","1","1.00","Negative"
"647","2023-01-27","59875.64","1","2024-12-30","1","2.00","Negative"
"780","2023-03-24","96906.75","0","2025-06-28","1","5.00","Positive"
"395","2024-05-20","44214.12","0","2023-07-16","1","4.00","Positive"
"875","2024-12-01","21737.41","1","2025-11-18","1","4.00","Positive"
"555","2023-11-12","52803.54","0","2024-04-13","1","4.00","Positive"
"219","2024-04-23","38308.97","0","2023-12-15","1","4.00","Positive"
"801","2023-03-04","31462.47","1","2024-05-29","1","5.00","Positive"
"963","2023-02-06","63221.69","1","2024-05-07","1","2.00","Negative"
"415","2024-07-01","10763.36","1","2023-03-14","1","4.00","Positive"
"825","2024-10-02","1859.73","0","2023-08-04","1","4.00","Positive"
"261","2025-04-15","97085.78","1","2026-02-18","1","5.00","Positive"
"481","2024-07-05","94092.44","1","2024-06-15","1","3.00","Neutral"
"76","2023-09-03","15614.53","0","2025-06-30","1","1.00","Negative"
"588","2024-04-27","63029.06","1","2024-09-21","1","2.00","Negative"
"695","2024-01-31","90603.78","0","2025-08-22","1","4.00","Positive"
"784","2023-06-18","35366.38","1","2025-12-27","1","4.00","Positive"
"523","2024-07-25","70249.36","0","2024-03-14","1","4.00","Positive"
"201","2025-01-22","64817.93","1","2024-02-21","1","3.00","Neutral"
"894","2025-12-23","71524.42","1","2025-11-07","1","4.00","Positive"
"187","2023-03-04","15298.17","1","2025-01-16","1","4.00","Positive"
"614","2025-10-25","61074.34","0","2025-11-26","1","4.00","Positive"
"901","2023-11-03","15087.29","0","2023-10-26","1","2.00","Negative"
"36","2024-12-04","88377.41","1","2023-09-12","1","3.00","Neutral"
"488","2025-05-28","24382.34","0","2023-05-03","1","1.00","Negative"
"272","2023-01-05","46059.28","0","2025-02-06","1","4.00","Positive"
"130","2024-12-12","43299.94","0","2025-04-22","1","4.00","Positive"
"62","2024-06-22","77516.11","0","2025-06-26","1","1.00","Negative"
"49","2025-09-21","4292.14","0","2023-05-24","1","1.00","Negative"
"851","2025-03-14","34708.99","1","2025-05-10","1","5.00","Positive"
"143","2023-04-14","57426.77","0","2025-02-11","1","3.00","Neutral"
"40","2025-01-27","67455.46","1","2023-01-17","1","2.00","Negative"
"226","2025-03-13","12367.27","0","2025-01-05","1","4.00","Positive"
"154","2024-04-17","58130.56","1","2023-01-02","1","5.00","Positive"
"912","2025-09-29","85320.96","0","2025-07-27","1","1.00","Negative"
"707","2023-12-02","68442.14","0","2024-05-01","1","5.00","Positive"
"381","2026-02-19","30941.35","1","2024-09-09","1","1.00","Negative"
"834","2023-07-11","78820.30","1","2023-04-24","1","5.00","Positive"
"812","2023-10-09","24074.11","0","2023-05-21","1","5.00","Positive"
"635","2025-09-19","77776.65","1","2024-12-15","1","3.00","Neutral"
"776","2025-05-30","55832.20","1","2023-10-25","1","1.00","Negative"
"858","2023-03-23","88187.46","0","2025-10-08","1","4.00","Positive"
"587","2023-06-17","12474.75","0","2023-08-08","1","2.00","Negative"
"276","2023-03-02","83818.34","0","2023-12-04","1","2.00","Negative"
"361","2025-08-11","5899.01","1","2023-08-03","1","2.00","Negative"
"372","2023-03-23","92883.32","0","2023-06-04","1","5.00","Positive"
"296","2023-02-26","81195.72","0","2023-02-10","1","2.00","Negative"
"610","2025-02-19","68056.33","0","2025-06-20","1","2.00","Negative"
"321","2024-12-22","32708.31","0","2023-09-14","1","4.00","Positive"
"721","2025-12-30","78085.97","0","2026-02-15","1","2.00","Negative"
"297","2023-12-12","13412.50","0","2024-09-30","1","5.00","Positive"
"431","2023-09-13","11586.57","0","2023-08-03","1","3.00","Neutral"
"460","2023-04-30","90040.18","1","2025-09-01","1","2.00","Negative"
"475","2023-05-23","10453.71","0","2023-10-16","1","5.00","Positive"
"445","2025-04-20","11050.74","1","2023-07-19","1","1.00","Negative"
"84","2025-05-10","12221.80","1","2025-02-20","1","4.00","Positive"
"70","2023-04-01","37885.63","0","2024-12-25","1","1.00","Negative"
"728","2024-04-24","44296.74","0","2023-12-19","1","2.00","Negative"
"861","2024-02-01","66803.24","0","2025-08-12","1","2.00","Negative"
"347","2023-12-06","33547.66","1","2025-02-06","1","1.00","Negative"
"992","2024-11-15","96157.06","0","2026-02-13","1","5.00","Positive"
"407","2024-05-04","3850.99","1","2024-09-23","1","3.00","Neutral"
"208","2025-02-15","88910.98","1","2023-12-31","1","1.00","Negative"
"386","2024-11-26","57046.98","1","2025-12-29","1","4.00","Positive"
"857","2025-04-30","89903.40","1","2026-01-21","1","5.00","Positive"
"336","2025-05-27","60186.40","0","2025-07-30","1","2.00","Negative"
"215","2025-10-31","44979.14","0","2025-05-23","1","2.00","Negative"
"748","2025-06-23","4565.71","0","2024-03-04","1","4.00","Positive"
"739","2023-09-15","3029.71","1","2023-07-03","1","5.00","Positive"
"79","2025-07-18","55763.38","1","2024-03-19","1","5.00","Positive"
"681","2026-02-03","86544.28","0","2025-11-14","1","2.00","Negative"
"38","2025-04-21","42220.74","1","2024-10-18","1","2.00","Negative"
"238","2026-01-12","90718.16","1","2025-07-03","1","5.00","Positive"
"971","2025-05-06","18822.97","1","2023-08-15","1","2.00","Negative"
"326","2024-07-02","67539.46","0","2023-09-27","1","1.00","Negative"
"100","2023-02-24","82610.15","0","2024-03-23","1","3.00","Neutral"
"273","2025-08-03","26333.79","1","2023-01-20","1","3.00","Neutral"
"307","2023-01-11","92252.75","1","2025-09-23","1","5.00","Positive"
"227","2023-01-16","43602.47","1","2024-05-01","1","4.00","Positive"
"652","2026-01-04","97822.21","1","2024-09-01","1","4.00","Positive"
"125","2025-12-07","4726.18","1","2025-12-26","1","2.00","Negative"
"724","2023-02-04","84995.02","1","2023-12-07","1","5.00","Positive"
"746","2024-08-27","84817.96","0","2025-11-26","1","5.00","Positive"
"684","2026-01-27","80352.51","0","2025-12-10","1","5.00","Positive"
"846","2025-12-12","56055.35","0","2026-01-03","1","3.00","Neutral"
"51","2025-04-06","64116.15","0","2023-04-16","1","5.00","Positive"
"872","2026-02-19","49747.70","0","2023-12-08","1","2.00","Negative"
"762","2026-03-15","96029.84","0","2024-05-19","1","1.00","Negative"
"192","2024-05-10","9180.25","0","2023-07-31","1","1.00","Negative"
"677","2023-01-05","19108.51","1","2023-08-01","1","2.00","Negative"
"928","2025-10-25","91649.75","1","2024-02-26","1","4.00","Positive"
"804","2023-10-18","62384.57","0","2025-11-05","1","2.00","Negative"
"163","2024-06-05","45623.57","1","2024-12-02","1","5.00","Positive"
"738","2026-02-21","95624.15","0","2024-01-29","1","4.00","Positive"
"548","2024-08-31","99183.73","0","2024-06-27","1","3.00","Neutral"
"535","2024-02-01","75033.56","0","2024-09-28","1","3.00","Neutral"
"80","2025-05-22","98017.95","0","2026-03-29","1","5.00","Positive"
"67","2023-01-02","1591.20","1","2023-07-15","1","4.00","Positive"
"651","2026-03-27","78557.94","1","2023-12-06","1","4.00","Positive"
"283","2024-02-26","53620.67","1","2023-08-08","1","5.00","Positive"
"47","2024-05-12","27946.78","1","2023-12-06","1","5.00","Positive"
"242","2024-08-17","2174.90","1","2024-03-22","1","5.00","Positive"
"870","2025-03-12","20483.64","1","2024-11-30","1","1.00","Negative"
"44","2024-04-14","42499.00","0","2024-12-05","1","2.00","Negative"
"650","2025-03-12","36617.26","1","2025-03-29","1","1.00","Negative"
"926","2023-01-29","24846.55","1","2023-01-29","1","4.00","Positive"
"412","2026-01-03","29760.72","0","2024-09-06","1","1.00","Negative"
"253","2024-09-27","74168.71","0","2025-06-12","1","4.00","Positive"
"932","2024-04-04","13776.53","0","2024-04-23","1","1.00","Negative"
"546","2025-12-19","84720.37","1","2023-10-17","1","5.00","Positive"
"216","2023-01-08","91697.34","1","2023-05-20","1","5.00","Positive"
"995","2026-02-14","50765.98","0","2024-11-09","1","3.00","Neutral"
"414","2024-10-25","23153.84","0","2024-01-30","1","4.00","Positive"
"345","2025-12-12","28239.11","0","2024-12-09","1","5.00","Positive"
"308","2025-11-05","74645.48","1","2025-12-25","1","5.00","Positive"
"147","2023-03-26","96808.03","1","2023-03-23","1","4.00","Positive"
"563","2025-07-01","35455.76","0","2025-09-26","1","2.00","Negative"
"304","2024-06-16","48425.37","1","2025-11-19","1","1.00","Negative"
"896","2025-06-08","19563.59","0","2025-01-31","1","5.00","Positive"
"989","2023-02-28","30374.62","1","2025-05-19","1","1.00","Negative"
"98","2024-06-16","6836.92","1","2023-08-15","1","4.00","Positive"
"910","2023-04-10","47921.59","0","2024-08-18","1","3.00","Neutral"
"892","2024-04-12","28978.91","1","2023-01-11","1","1.00","Negative"
"271","2025-09-17","5314.04","0","2025-06-07","1","1.00","Negative"
"426","2023-02-26","54728.15","0","2026-03-23","1","5.00","Positive"
"533","2023-12-12","20543.80","1","2023-12-11","1","3.00","Neutral"
"743","2024-04-24","61411.78","0","2023-11-10","1","2.00","Negative"
"672","2025-11-06","36953.64","0","2025-10-25","1","1.00","Negative"
"505","2025-11-01","81495.09","0","2024-09-09","1","2.00","Negative"
"330","2025-09-30","76041.69","1","2023-12-08","1","1.00","Negative"
"487","2023-09-07","49526.66","1","2023-09-07","1","1.00","Negative"
"344","2024-03-08","46403.35","0","2024-02-29","1","5.00","Positive"
"675","2023-06-08","96525.64","0","2025-10-08","1","1.00","Negative"
"862","2024-12-09","48709.62","1","2025-06-27","1","4.00","Positive"
"462","2025-04-15","60207.29","0","2023-03-05","1","3.00","Neutral"
"579","2023-11-07","12216.30","0","2026-01-16","1","5.00","Positive"
"521","2024-11-20","80541.48","0","2023-08-25","1","2.00","Negative"
"144","2026-01-15","20983.13","0","2023-06-24","1","3.00","Neutral"
"391","2025-01-06","7677.49","0","2023-06-19","1","5.00","Positive"
"554","2023-05-09","94159.79","1","2023-04-25","1","5.00","Positive"
"183","2025-03-23","16643.58","0","2026-03-17","1","4.00","Positive"
"387","2023-03-15","76586.33","0","2023-08-01","1","2.00","Negative"
"685","2024-05-08","48063.60","1","2025-02-06","1","5.00","Positive"
"388","2025-06-10","90494.63","0","2024-07-27","1","4.00","Positive"
"908","2023-03-03","11033.34","1","2023-05-06","1","1.00","Negative"
"923","2025-09-07","15268.13","0","2023-06-15","1","2.00","Negative"
"807","2025-03-31","11531.24","0","2025-05-17","1","4.00","Positive"
"929","2024-06-27","21154.31","1","2024-08-03","1","3.00","Neutral"
"375","2026-02-25","10310.39","1","2024-01-11","1","3.00","Neutral"
"180","2024-12-28","25650.60","1","2024-05-29","1","3.00","Neutral"
"574","2025-06-16","44737.35","1","2025-03-03","1","4.00","Positive"
"172","2025-11-10","51735.25","1","2024-04-02","1","5.00","Positive"
"931","2024-11-07","68071.42","1","2023-09-18","1","2.00","Negative"
"122","2026-03-24","84882.56","0","2024-09-10","1","4.00","Positive"
"222","2024-12-17","39134.80","1","2025-02-18","1","2.00","Negative"
"713","2025-08-26","37294.81","0","2023-01-09","1","3.00","Neutral"
"493","2024-12-14","82152.67","1","2025-12-04","1","4.00","Positive"
"291","2025-09-10","44845.06","0","2024-09-16","1","5.00","Positive"
"111","2025-10-23","56582.63","0","2025-11-16","1","4.00","Positive"
"419","2025-11-16","31003.13","0","2023-03-05","1","5.00","Positive"
"913","2023-07-28","46337.32","1","2026-02-11","1","4.00","Positive"
"169","2024-05-13","53741.55","0","2023-05-29","1","3.00","Neutral"
"669","2024-05-13","64169.80","0","2026-01-12","1","3.00","Neutral"
"254","2023-09-04","8947.89","1","2023-11-18","1","4.00","Positive"
"709","2023-03-02","17931.78","1","2025-01-27","1","4.00","Positive"
"145","2026-03-22","10344.25","1","2023-08-30","1","4.00","Positive"
"959","2025-12-13","13802.55","1","2024-10-21","1","1.00","Negative"
"306","2023-12-29","56325.90","0","2024-09-21","1","5.00","Positive"
"990","2025-11-05","15178.01","0","2024-06-03","1","2.00","Negative"
"697","2026-03-29","30107.68","1","2024-10-20","1","3.00","Neutral"
"507","2023-05-30","5050.59","1","2023-11-18","1","1.00","Negative"
"365","2026-01-11","27267.77","0","2024-12-05","1","3.00","Neutral"
"787","2025-01-21","51783.14","0","2024-02-19","1","2.00","Negative"
"686","2023-11-09","3445.84","0","2026-03-27","1","4.00","Positive"
"119","2024-05-12","25491.78","0","2025-10-29","1","4.00","Positive"
"734","2024-05-17","51086.42","1","2024-05-20","1","2.00","Negative"
"106","2023-02-08","42951.43","1","2025-05-27","1","3.00","Neutral"
"427","2024-05-29","86358.65","1","2023-05-02","1","3.00","Neutral"
"108","2024-07-23","50497.17","1","2024-01-31","1","4.00","Positive"
"126","2025-07-28","17150.65","0","2026-03-25","1","2.00","Negative"
"987","2025-07-31","44105.16","0","2024-12-04","1","4.00","Positive"
"850","2023-10-19","39815.61","1","2024-10-16","1","5.00","Positive"
"730","2023-10-14","89437.91","0","2024-12-20","1","4.00","Positive"
"416","2025-07-27","36423.96","0","2024-12-11","1","3.00","Neutral"
"815","2023-12-19","92247.90","0","2025-10-18","1","1.00","Negative"
"464","2025-11-12","74630.02","1","2024-04-22","1","1.00","Negative"
"352","2024-11-16","57699.57","0","2023-12-13","1","3.00","Neutral"
"964","2023-08-30","26881.61","1","2025-03-16","1","5.00","Positive"
"602","2024-01-01","39172.33","0","2023-11-01","1","2.00","Negative"
"248","2023-01-18","61554.26","1","2023-03-09","1","3.00","Neutral"
"502","2023-04-07","33813.90","1","2024-04-22","1","5.00","Positive"
"301","2024-07-06","34729.28","0","2025-07-22","1","1.00","Negative"
"714","2024-10-01","44272.26","0","2023-08-07","1","5.00","Positive"
"809","2023-10-07","78466.37","0","2023-05-04","1","4.00","Positive"
"334","2025-08-05","86877.74","1","2025-12-20","1","2.00","Negative"
"279","2024-12-26","23630.30","1","2024-12-25","1","3.00","Neutral"
"232","2025-09-26","98267.86","0","2023-07-17","1","2.00","Negative"
"68","2024-02-16","90026.65","1","2024-09-03","1","3.00","Neutral"
"482","2024-04-22","17835.37","1","2025-10-13","1","4.00","Positive"
"294","2026-03-28","9242.29","0","2024-07-28","1","5.00","Positive"
"433","2025-01-25","11323.41","0","2026-03-07","1","2.00","Negative"
"161","2023-09-01","32105.15","0","2025-02-19","1","5.00","Positive"
"757","2023-12-12","12247.52","1","2024-04-25","1","5.00","Positive"
"885","2023-07-04","28550.03","0","2025-10-23","1","2.00","Negative"
"496","2025-02-27","28949.57","0","2023-02-05","1","3.00","Neutral"
"277","2024-06-19","14204.43","1","2023-09-19","1","1.00","Negative"
"550","2024-08-25","63639.67","1","2024-09-29","1","5.00","Positive"
"916","2026-01-07","65788.91","1","2024-01-29","1","1.00","Negative"
"367","2025-05-07","97390.01","1","2023-11-16","1","1.00","Negative"
"888","2023-07-19","41604.77","1","2024-01-01","1","3.00","Neutral"
"46","2026-03-12","58586.59","0","2025-03-27","1","2.00","Negative"
"480","2024-10-06","99054.92","1","2023-12-20","1","4.00","Positive"
"235","2024-06-08","41852.68","0","2023-02-07","1","4.00","Positive"
"117","2023-10-20","42565.10","0","2023-07-22","1","2.00","Negative"
"741","2024-04-17","83606.22","1","2024-11-12","1","2.00","Negative"
"42","2023-01-19","72266.23","0","2023-04-04","1","5.00","Positive"
"637","2024-02-26","91952.01","0","2023-02-16","1","4.00","Positive"
"559","2024-05-28","16307.18","1","2023-06-07","1","5.00","Positive"
"863","2023-04-20","2928.57","1","2023-12-04","1","5.00","Positive"
"611","2023-04-30","42165.78","1","2024-10-28","1","1.00","Negative"
"243","2025-09-23","80583.99","1","2026-02-05","1","3.00","Neutral"
"749","2024-09-22","68275.05","1","2023-12-21","1","4.00","Positive"
"654","2023-07-27","47600.20","1","2024-05-19","1","1.00","Negative"
"763","2023-04-08","23480.43","1","2024-08-28","1","3.00","Neutral"
"55","2026-02-19","88099.63","1","2023-04-22","1","1.00","Negative"
"852","2024-03-26","83010.12","0","2024-01-16","1","5.00","Positive"
"127","2023-12-15","20506.13","1","2024-03-23","1","5.00","Positive"
"782","2023-07-15","98623.55","1","2025-09-07","1","1.00","Negative"
"81","2026-01-31","92112.91","0","2025-12-04","1","1.00","Negative"
"595","2024-08-06","63502.86","1","2025-03-13","1","3.00","Neutral"
"509","2024-02-24","72996.05","0","2024-08-11","1","3.00","Neutral"
"566","2025-03-24","91501.38","1","2024-01-18","1","4.00","Positive"
"514","2023-08-01","19623.40","0","2024-12-30","1","5.00","Positive"
"358","2025-01-21","11883.28","1","2024-01-30","1","4.00","Positive"
"603","2023-01-31","20015.49","0","2025-04-18","1","5.00","Positive"
"814","2024-10-01","77884.91","1","2025-10-12","1","1.00","Negative"
"854","2023-01-31","3287.80","1","2024-08-15","1","3.00","Neutral"
"817","2025-12-09","99285.73","1","2023-03-15","1","3.00","Neutral"
"874","2024-11-14","67432.46","0","2023-04-12","1","5.00","Positive"
"822","2023-12-29","95148.02","1","2024-09-08","1","4.00","Positive"
"662","2024-12-29","19029.51","0","2025-10-14","1","1.00","Negative"
"539","2025-07-26","24131.13","0","2023-12-31","1","5.00","Positive"
"849","2025-07-03","18409.38","0","2023-09-23","1","1.00","Negative"
"940","2024-07-13","86108.01","0","2024-01-26","1","2.00","Negative"
"476","2026-01-04","75914.78","1","2024-06-07","1","1.00","Negative"
"607","2023-10-25","98802.39","1","2025-05-31","1","4.00","Positive"
"413","2023-10-29","58996.41","1","2024-05-01","1","1.00","Negative"
"24","2023-09-21","45441.05","1","2025-05-01","1","1.00","Negative"
"191","2024-03-21","82317.48","1","2024-07-20","1","4.00","Positive"
"960","2024-10-25","92823.05","0","2024-02-16","1","4.00","Positive"
"758","2023-12-10","51582.77","0","2024-02-02","1","3.00","Neutral"
"946","2023-02-25","83994.49","0","2023-01-14","1","3.00","Neutral"
"318","2025-09-26","27916.75","1","2023-03-07","1","5.00","Positive"
"609","2025-02-10","33934.49","0","2023-08-03","1","5.00","Positive"
"524","2025-06-24","4343.98","0","2024-03-10","1","3.00","Neutral"
"793","2023-01-25","61147.47","0","2023-07-21","1","3.00","Neutral"
"41","2023-11-12","777.63","0","2025-12-07","1","1.00","Negative"
"584","2026-02-28","95658.42","1","2025-11-15","1","2.00","Negative"
"769","2024-03-31","39432.72","1","2025-11-10","1","3.00","Neutral"
"656","2025-06-19","50988.61","1","2024-12-10","1","2.00","Negative"
"479","2025-07-19","88586.52","0","2024-07-24","1","4.00","Positive"
"737","2023-01-22","55775.84","0","2026-03-29","1","2.00","Negative"
"314","2023-10-02","48235.07","0","2024-12-03","1","4.00","Positive"
"622","2024-09-03","5655.17","0","2024-12-12","1","3.00","Neutral"
"397","2023-03-03","23969.93","1","2025-01-21","1","1.00","Negative"
"250","2024-04-23","13035.18","1","2024-07-12","1","3.00","Neutral"
"939","2026-03-18","18223.38","1","2024-02-26","1","1.00","Negative"
"657","2025-12-02","25636.51","1","2026-01-22","1","4.00","Positive"
"966","2025-10-17","66068.99","0","2023-01-10","1","5.00","Positive"
"95","2025-11-19","73041.16","0","2025-10-30","1","2.00","Negative"
"246","2025-10-05","45970.78","0","2023-07-16","1","2.00","Negative"
"228","2024-03-26","82385.94","1","2025-09-13","1","5.00","Positive"
"569","2023-07-04","40490.18","0","2023-10-03","1","4.00","Positive"
"506","2023-09-11","44117.44","0","2025-05-19","1","5.00","Positive"
"439","2023-06-24","79729.64","1","2026-03-22","1","1.00","Negative"
"181","2025-04-07","19317.27","0","2025-01-20","1","1.00","Negative"
"948","2023-03-06","36735.72","1","2024-06-02","1","3.00","Neutral"
"229","2025-02-09","12576.25","1","2024-05-08","1","5.00","Positive"
"597","2025-12-16","65294.98","0","2024-06-20","1","2.00","Negative"
"420","2024-01-10","50120.87","1","2023-11-05","1","5.00","Positive"
"138","2023-06-06","6472.98","1","2023-04-25","1","4.00","Positive"
"444","2025-06-07","74986.43","1","2025-03-23","1","3.00","Neutral"
"471","2025-06-09","41069.64","0","2025-02-03","1","4.00","Positive"
"12","2025-11-09","8100.99","1","2023-09-29","1","4.00","Positive"
"168","2023-06-13","66898.19","0","2025-02-02","1","2.00","Negative"
"7","2025-12-21","41805.84","0","2024-03-04","1","4.00","Positive"
"466","2024-05-06","93993.71","0","2023-11-12","1","5.00","Positive"
"449","2024-12-13","14431.71","1","2025-12-24","1","3.00","Neutral"
"328","2023-09-26","89324.56","0","2023-03-03","1","2.00","Negative"
"525","2025-06-07","14017.23","0","2023-09-15","1","3.00","Neutral"
"177","2025-08-05","23814.64","1","2025-01-31","1","1.00","Negative"
"376","2023-09-19","71941.83","0","2025-04-19","1","2.00","Negative"
"394","2026-03-10","52556.91","1","2023-03-01","1","1.00","Negative"
"303","2026-03-09","31694.98","0","2024-04-14","1","5.00","Positive"
"452","2023-06-24","11300.62","1","2023-08-02","1","1.00","Negative"
"288","2024-07-24","13619.80","1","2024-04-28","1","3.00","Neutral"
"234","2024-03-06","60316.11","0","2025-08-13","1","4.00","Positive"
"799","2025-08-11","8213.32","0","2023-12-29","1","2.00","Negative"
"469","2023-06-07","98505.69","1","2024-12-17","1","2.00","Negative"
"17","2024-05-08","70832.33","1","2023-11-03","1","3.00","Neutral"
"417","2026-02-01","4215.00","0","2023-07-18","1","2.00","Negative"
"621","2023-09-05","11119.05","0","2023-12-11","1","2.00","Negative"
"606","2025-05-18","49513.32","0","2025-05-12","1","4.00","Positive"
"396","2024-04-17","89604.92","1","2026-01-24","1","3.00","Neutral"
"292","2025-04-21","60983.44","1","2023-02-07","1","4.00","Positive"
"454","2025-12-05","49087.75","1","2025-02-05","1","5.00","Positive"
"841","2024-12-01","2094.48","0","2025-11-16","1","5.00","Positive"
"821","2024-07-27","78269.00","0","2023-11-30","1","2.00","Negative"
"556","2024-03-07","92854.35","1","2024-08-28","1","4.00","Positive"
"520","2025-05-18","65851.82","1","2025-04-04","1","4.00","Positive"
"696","2024-02-04","44049.24","0","2024-09-09","1","1.00","Negative"
"592","2023-04-15","590.21","0","2023-07-08","1","4.00","Positive"
"745","2023-03-22","4920.39","0","2024-10-24","1","5.00","Positive"
"333","2023-10-20","17109.90","0","2023-11-24","1","1.00","Negative"
"732","2025-11-02","63566.06","1","2025-01-12","1","4.00","Positive"
"676","2025-07-07","77710.04","0","2023-01-19","1","1.00","Negative"
"515","2023-11-27","32920.47","1","2024-06-08","1","5.00","Positive"
"135","2025-09-13","81598.18","0","2024-04-16","1","3.00","Neutral"
"516","2023-03-16","48540.00","0","2025-07-01","1","1.00","Negative"
"980","2024-09-18","82066.72","0","2024-06-01","1","3.00","Neutral"
"760","2023-02-14","21755.94","0","2023-12-08","1","3.00","Neutral"
"917","2025-12-21","89797.78","1","2023-04-27","1","5.00","Positive"
"109","2026-03-20","70625.50","1","2023-09-11","1","5.00","Positive"
"39","2023-03-19","55527.48","0","2023-03-13","1","2.00","Negative"
"20","2023-09-01","67249.76","1","2026-01-18","1","5.00","Positive"
"679","2023-03-19","69508.70","1","2024-04-20","1","5.00","Positive"
"558","2023-05-26","69040.15","1","2024-12-19","1","3.00","Neutral"
"474","2023-09-12","54916.09","0","2023-10-21","1","2.00","Negative"
"978","2024-02-26","3078.83","0","2023-05-17","1","5.00","Positive"
"613","2024-07-27","53265.99","0","2023-09-29","1","3.00","Neutral"
"771","2023-09-14","59938.37","0","2024-01-31","1","2.00","Negative"
"220","2023-04-10","6022.90","0","2023-12-28","1","5.00","Positive"
"194","2024-11-06","3253.95","0","2024-12-29","1","2.00","Negative"
"824","2025-11-05","92855.79","0","2023-09-19","1","5.00","Positive"
"263","2025-04-15","20365.21","0","2023-09-28","1","4.00","Positive"
"33","2024-05-27","81684.28","0","2025-01-21","1","5.00","Positive"
"830","2026-02-09","25210.76","1","2024-05-11","1","5.00","Positive"
"528","2024-08-26","77503.97","0","2025-06-26","1","3.00","Neutral"
"483","2026-03-25","54171.06","0","2023-05-16","1","4.00","Positive"
"166","2025-12-09","96899.98","0","2023-09-20","1","3.00","Neutral"
"153","2023-09-02","38837.34","1","2025-07-25","1","3.00","Neutral"
"27","2025-06-28","24980.87","1","2025-10-07","1","4.00","Positive"
"178","2026-01-27","37848.07","0","2024-05-02","1","1.00","Negative"
"953","2023-03-28","87686.14","0","2025-03-01","1","5.00","Positive"
"902","2024-09-10","27363.11","0","2024-10-25","1","3.00","Neutral"
"599","2024-10-10","61364.89","1","2025-10-14","1","4.00","Positive"
"463","2023-03-20","3154.10","1","2025-05-19","1","2.00","Negative"
"879","2023-12-30","68607.05","1","2023-08-12","1","4.00","Positive"
"179","2024-08-09","70466.85","0","2023-05-07","1","5.00","Positive"
"105","2025-12-13","10320.81","0","2024-05-06","1","2.00","Negative"
"503","2025-04-27","82317.81","0","2025-05-01","1","5.00","Positive"
"670","2026-01-25","47818.30","0","2023-06-05","1","5.00","Positive"
"955","2024-03-04","62793.91","1","2025-10-17","1","4.00","Positive"
"844","2023-11-29","54318.58","0","2023-10-22","1","2.00","Negative"
"212","2023-09-27","13147.75","1","2024-11-07","1","2.00","Negative"
"255","2023-10-17","68009.01","0","2026-02-01","1","3.00","Neutral"
"434","2025-12-24","14061.02","0","2023-01-02","1","3.00","Neutral"
"77","2025-07-31","72217.52","1","2025-01-14","1","2.00","Negative"
"513","2025-05-28","94579.77","1","2024-04-05","1","1.00","Negative"
"820","2024-06-09","7282.96","1","2023-02-13","1","1.00","Negative"
"729","2023-01-12","11453.66","1","2024-10-19","1","3.00","Neutral"
"565","2023-03-08","22704.29","1","2025-02-04","1","1.00","Negative"
"249","2024-11-23","5955.88","0","2023-07-14","1","4.00","Positive"
"48","2026-02-06","33419.24","0","2025-04-16","1","2.00","Negative"
"186","2025-05-20","30039.76","1","2025-10-14","1","1.00","Negative"
"904","2023-09-02","38232.81","0","2025-02-04","1","3.00","Neutral"
"905","2025-11-17","28375.89","1","2026-02-16","1","2.00","Negative"
"382","2024-05-18","57676.94","0","2024-05-06","1","3.00","Neutral"
"543","2024-12-24","43897.38","1","2025-12-31","1","5.00","Positive"
"906","2023-11-01","22827.36","0","2024-07-01","1","4.00","Positive"
"754","2024-07-23","2435.18","0","2026-01-13","1","5.00","Positive"
"494","2024-07-13","28759.86","1","2024-12-28","1","3.00","Neutral"
"461","2025-04-21","12133.51","1","2025-11-09","1","1.00","Negative"
"791","2025-04-14","86466.83","1","2024-11-27","1","5.00","Positive"
"71","2024-08-23","34333.09","1","2024-06-22","1","2.00","Negative"
"979","2026-01-28","50652.01","0","2026-01-28","1","5.00","Positive"
